"Proj.","FM","HB","Seq","SWBS","Prod. Order","Opr","Task","WS/T","ECP/REA","Item","Description","Earliest Start Dt","Earliest End Date","BUDGET","% PROG","EARNED HOURS","ACTUAL","EAC","","",""
"MFG","","","","","","","","","","","","","","","","","","","","",""
"479","5","479","900","992","117033","10","20","    ","          ","       0479-0901","LCS 19 BOAT TEMPORARY SERVICES","        ","        ","0","83","0","261.99","315.65","","",""
"479","5","479","900","992","117317","10","20","    ","          ","     0479-R90900","UPRIGHT BUILD STANDS & JIGS   ","        ","        ","0","100","0","18","18","","",""
"479","6","479","P     ","0","117029","10","20","    ","          ","       0479-0908","LCS 19 LEAD DUTIES & MEETINGS ","        ","        ","0","23","0","218.03","418.03","","",""
"479","0","    ","      ","0","0","10","880","    ","170","    D1TD1-R90300","LCS 19 D1TD1 XCES DWG REVW    ","05/25/2015","        ","0","0","0","0","0","","",""
"479","1","D1S ","D1SD3 ","0","117169","10","16","    ","131","    D1S00-500010","LCS 19 D1SD3 INSTL 500 HOTWORK","        ","        ","218","100","218","183.25","183.25","","",""
"479","1","D1S ","D1SD4 ","0","117168","10","16","    ","152","    D1S00-500003","LCS 19 D1SD4 INSTGRP500 SOC2.2","        ","        ","282","100","282","234.85","234.85","","",""
"479","1","D1S ","D1SD1 ","505","117166","10","16","    ","75","    D1S00-500001","LCS 19 D1SD1 INST GP500 SOC2.2","        ","        ","430","100","430","410.97","410.97","","",""
"479","1","D1S ","D1SD2 ","505","117167","10","16","    ","104","    D1S00-500002","LCS 19 D1SD2 INST GP500 SOC2.2","        ","        ","300","100","300","287.05","287.05","","",""
"479","2","D1S ","D1SD1 ","150","117223","10","8","    ","278","    D1S00-150074","LCS 19 D1SD1 FH STACK FIT     ","        ","        ","116","100","116","157.72","157.72","","",""
"479","2","D1S ","D1SD1 ","150","117224","10","9","    ","283","    D1S00-150075","LCS 19 D1SD1 FH STACK WELD    ","        ","        ","327","100","327","390","390","","",""
"479","2","D1S ","D1SD2 ","150","117157","10","8","    ","93","    D1S00-150066","LCS 19 D1SD2 CONSTRCT FIT BS_1","        ","        ","38","100","38","16","16","","",""
"479","2","D1S ","D1SD2 ","150","117158","10","9","    ","94","    D1S00-150067","LCS 19 D1SD2 CONSTRT WELD BS_1","        ","        ","15","100","15","9.5","9.5","","",""
"479","2","D1S ","D1SD2 ","150","117159","10","8","    ","95","    D1S00-150068","LCS 19 D1SD2 CONSTRCT FIT BS_2","        ","        ","110","100","110","371.5","371.5","","",""
"479","2","D1S ","D1SD2 ","150","117160","10","9","    ","96","    D1S00-150069","LCS 19 D1SD2 CONSTRT WELD BS_2","        ","        ","162","100","162","174.77","174.77","","",""
"479","2","D1S ","D1SD2 ","150","117161","10","8","    ","97","    D1S00-150070","LCS 19 D1SD2 CONSTRCT FIT BS_3","        ","        ","322","100","322","226","226","","",""
"479","2","D1S ","D1SD2 ","150","117162","10","9","    ","98","    D1S00-150071","LCS 19 D1SD2 CONSTRT WELD BS_3","        ","        ","400","100","400","334.53","334.53","","",""
"479","2","D1S ","D1SD2 ","150","117217","10","4","    ","279","    D1S00-150084","LCS 19 D1SD2 TOPSIDE POST ACE ","        ","        ","30","100","30","38","38","","",""
"479","2","D1S ","D1SD3 ","150","117060","10","8","    ","121","    D1S00-150037","LCS 19 D1SD3 CONSTRCT FIT BS_2","        ","        ","130","100","130","301.74","301.74","","",""
"479","2","D1S ","D1SD3 ","150","117061","10","9","    ","122","    D1S00-150038","LCS 19 D1SD3 CONSTRT WELD BS_2","        ","        ","315","100","315","250","250","","",""
"479","2","D1S ","D1SD3 ","150","117063","10","9","    ","124","    D1S00-150040","LCS 19 D1SD3 CONSTRT WELD BS_3","        ","        ","38","100","38","50","50","","",""
"479","2","D1S ","D1SD3 ","150","117065","10","9","    ","126","    D1S00-150073","LCS 19 D1SD3 CONSTRT WELD BS_1","        ","        ","50","100","50","42","42","","",""
"479","2","D1S ","D1SD4 ","150","117104","10","4","    ","280","    D1S00-150086","LCS 19 D1SD4 TOPSIDE POST ACE ","        ","        ","30","100","30","36.5","36.5","","",""
"479","2","D1S ","D1SD3 ","150","117072","10","8","    ","271","    D1S00-150050","LCS 19 D1SD3/D4 STK FIT HRS   ","03/16/2015","        ","65","100","65","104","104","","",""
"479","2","D1S ","D1SD4 ","150","117073","10","9","    ","272","    D1S00-150051","LCS 19 D1SD3/D4 STK WELD HRS  ","03/16/2015","        ","202","100","202","157.98","157.98","","",""
"479","2","D1S ","D1SD4 ","150","117093","10","9","    ","143","    D1S00-150043","LCS 19 D1SD4 CONSTRT WELD BS_1","08/20/2015","        ","20","100","20","12","12","","",""
"479","2","D1S ","D1SD4 ","150","117094","10","8","    ","144","    D1S00-150044","LCS 19 D1SD4 CONSTRCT FIT BS_2","08/20/2015","        ","166","100","166","239.8","239.8","","",""
"479","2","D1S ","D1SD4 ","150","117095","10","9","    ","145","    D1S00-150045","LCS 19 D1SD4 CONSTRT WELD BS_2","08/20/2015","        ","200","100","200","117.1","117.1","","",""
"479","2","D1S ","D1SD4 ","150","117097","10","9","    ","147","    D1S00-150047","LCS 19 D1SD4 CONSTRT WELD BS_3","08/20/2015","        ","75","100","75","20","20","","",""
"479","2","D1S ","D1SD2 ","992","117219","10","19","    ","106","    D1S00-992004","LCS 19 D1SD2 UPRIGHT LIFTSTRCT","        ","        ","60","100","60","19.5","19.5","","",""
"479","2","D1S ","D1SD3 ","992","117067","10","19","    ","133","    D1S00-992007","LCS 19 D1SD3 INST ROL STRUCTRE","        ","        ","30","100","30","24.98","24.98","","",""
"479","2","D1S ","D1SD4 ","992","117106","10","19","    ","153","    D1S00-992010","LCS 19 D1SD4 INST ROL STRUCTRE","        ","        ","50","100","50","67","67","","",""
"479","3","D1S ","23D1S ","150","117350","10","4","    ","275","    D1S00-150036","LCS 19 23D1S N SUB BRDG STB/PT","        ","        ","80","100","80","150.98","150.98","","",""
"479","3","D1S ","23D1S ","150","117351","10","11","    ","276","    D1S00-150048","LCS 19 23D1S T1 MAJ STBD BRDGE","        ","        ","60","100","60","39","39","","",""
"479","3","D1S ","23D1S ","150","117352","10","11","    ","277","    D1S00-150049","LCS 19 23D1S T2 MAJ PORT BRDGE","        ","        ","60","100","60","37","37","","",""
"479","3","D1S ","D1SD1 ","150","117110","10","4","    ","51","    D1S00-150001","LCS 19 D1SD1 SUB ASSY A       ","        ","        ","6","100","6","7.98","7.98","","",""
"479","3","D1S ","D1SD1 ","150","117111","10","4","    ","52","    D1S00-150002","LCS 19 D1SD1 SUB ASSY C       ","        ","        ","76","100","76","29","29","","",""
"479","3","D1S ","D1SD1 ","150","117112","10","4","    ","53","    D1S00-150003","LCS 19 D1SD1 SUB ASSY G       ","        ","        ","7","100","7","5","5","","",""
"479","3","D1S ","D1SD1 ","150","117113","10","4","    ","54","    D1S00-150004","LCS 19 D1SD1 SUB ASSY M       ","        ","        ","200","100","200","166.03","166.03","","",""
"479","3","D1S ","D1SD1 ","150","117114","10","4","    ","55","    D1S00-150005","LCS 19 D1SD1 SUB ASSY N       ","        ","        ","100","100","100","105.54","105.54","","",""
"479","3","D1S ","D1SD1 ","150","117117","10","4","    ","58","    D1S00-150008","LCS 19 D1SD1 MAJ ASSY S1      ","        ","        ","108","100","108","69.5","69.5","","",""
"479","3","D1S ","D1SD1 ","150","117118","10","4","    ","59","    D1S00-150009","LCS 19 D1SD1 MAJ ASSY S2      ","        ","        ","110","100","110","13.5","13.5","","",""
"479","3","D1S ","D1SD1 ","150","117119","10","4","    ","60","    D1S00-150010","LCS 19 D1SD1 MAJ ASSY S3      ","        ","        ","275","100","275","346.72","346.72","","",""
"479","3","D1S ","D1SD1 ","150","117120","10","4","    ","61","    D1S00-150011","LCS 19 D1SD1 MAJ ASSY S4      ","        ","        ","260","100","260","287.57","287.57","","",""
"479","3","D1S ","D1SD1 ","150","117121","10","4","    ","77","    D1S00-150052","LCS 19 D1SD1 MAJ ASSY T1      ","        ","        ","13","100","13","79.75","79.75","","",""
"479","3","D1S ","D1SD1 ","150","117122","10","4","    ","78","    D1S00-150053","LCS 19 D1SD1 MAJ ASSY T2      ","        ","        ","16","100","16","40.52","40.52","","",""
"479","3","D1S ","D1SD1 ","150","117123","10","4","    ","79","    D1S00-150054","LCS 19 D1SD1 MAJ ASSY T3      ","        ","        ","50","100","50","79","79","","",""
"479","3","D1S ","D1SD1 ","150","117124","10","4","    ","80","    D1S00-150055","LCS 19 D1SD1 MAJ ASSY T4      ","        ","        ","48","100","48","5","5","","",""
"479","3","D1S ","D1SD2 ","150","117143","10","4","    ","82","    D1S00-150012","LCS 19 D1SD2 SUB ASSY A       ","        ","        ","8","100","8","6.22","6.22","","",""
"479","3","D1S ","D1SD2 ","150","117144","10","4","    ","83","    D1S00-150013","LCS 19 D1SD2 SUB ASSY C       ","        ","        ","100","100","100","91.28","91.28","","",""
"479","3","D1S ","D1SD2 ","150","117145","10","4","    ","84","    D1S00-150014","LCS 19 D1SD2 SUB ASSY M       ","        ","        ","200","100","200","403.79","403.79","","",""
"479","3","D1S ","D1SD2 ","150","117146","10","4","    ","85","    D1S00-150015","LCS 19 D1SD2 SUB ASSY N       ","        ","        ","85","100","85","115.03","115.03","","",""
"479","3","D1S ","D1SD2 ","150","117149","10","4","    ","88","    D1S00-150018","LCS 19 D1SD2 MAJ ASSY S1      ","        ","        ","61","100","61","36","36","","",""
"479","3","D1S ","D1SD2 ","150","117150","10","4","    ","89","    D1S00-150019","LCS 19 D1SD2 MAJ ASSY S2      ","        ","        ","48","100","48","65","65","","",""
"479","3","D1S ","D1SD2 ","150","117151","10","4","    ","90","    D1S00-150020","LCS 19 D1SD2 MAJ ASSY S3      ","        ","        ","223","100","223","205.76","205.76","","",""
"479","3","D1S ","D1SD2 ","150","117152","10","4","    ","91","    D1S00-150021","LCS 19 D1SD2 MAJ ASSY S4      ","        ","        ","275","100","275","387.6","387.6","","",""
"479","3","D1S ","D1SD2 ","150","117153","10","4","    ","107","    D1S00-150062","LCS 19 D1SD2 MAJ ASSY T1      ","        ","        ","7","100","7","28.48","28.48","","",""
"479","3","D1S ","D1SD2 ","150","117154","10","4","    ","108","    D1S00-150063","LCS 19 D1SD2 MAJ ASSY T2      ","        ","        ","11","100","11","0","0","","",""
"479","3","D1S ","D1SD2 ","150","117155","10","4","    ","109","    D1S00-150064","LCS 19 D1SD2 MAJ ASSY T3      ","        ","        ","6","100","6","2.5","2.5","","",""
"479","3","D1S ","D1SD2 ","150","117156","10","4","    ","110","    D1S00-150065","LCS 19 D1SD2 MAJ ASSY T4      ","        ","        ","22","100","22","5","5","","",""
"479","3","D1S ","D1SD3 ","150","117054","10","4","    ","114","    D1S00-150024","LCS 19 D1SD3 SUB ASSY M       ","        ","        ","153","100","153","185.5","185.5","","",""
"479","3","D1S ","D1SD3 ","150","117055","10","4","    ","115","    D1S00-150025","LCS 19 D1SD3 SUB ASSY N       ","        ","        ","114","100","114","71.5","71.5","","",""
"479","3","D1S ","D1SD3 ","150","117058","10","4","    ","118","    D1S00-150028","LCS 19 D1SD3 MAJ ASSY S1      ","        ","        ","34","100","34","42.5","42.5","","",""
"479","3","D1S ","D1SD3 ","150","117059","10","4","    ","119","    D1S00-150029","LCS 19 D1SD3 MAJ ASSY S2      ","        ","        ","30","100","30","27","27","","",""
"479","3","D1S ","D1SD4 ","150","117089","10","4","    ","139","    D1S00-150034","LCS 19 D1SD4 MAJ ASSY S1      ","        ","        ","90","100","90","65.4","65.4","","",""
"479","3","D1S ","D1SD4 ","150","117090","10","4","    ","140","    D1S00-150035","LCS 19 D1SD4 MAJ ASSY S2      ","        ","        ","65","100","65","51.5","51.5","","",""
"479","3","D1S ","D1SD4 ","150","117091","10","4","    ","154","    D1S00-150041","LCS 19 D1SD4 MAJ ASSY T1      ","        ","        ","13","100","13","7","7","","",""
"479","3","D1S ","D1SD4 ","150","117085","10","4","    ","135","    D1S00-150030","LCS 19 D1SD4 SUB ASSY M       ","03/11/2015","        ","52","100","52","80.03","80.03","","",""
"479","3","D1S ","D1SD4 ","150","117086","10","4","    ","136","    D1S00-150031","LCS 19 D1SD4 SUB ASSY N       ","03/11/2015","        ","132","100","132","104.57","104.57","","",""
"479","3","D1S ","23D1S ","167","0","10","4","    ","297","    D1S00-167001","LCS 19 23DIS RINGS BERPS INSRT","        ","        ","18","0","0","0","18","","",""
"479","4","D1S ","D1SD1 ","150","117125","10","8","    ","63","    D1S00-150056","LCS 19 D1SD1 CONSTRCT FIT BS_1","        ","        ","48","100","48","23","23","","",""
"479","4","D1S ","D1SD1 ","150","117126","10","9","    ","64","    D1S00-150057","LCS 19 D1SD1 CONSTRT WELD BS_1","        ","        ","26","100","26","38","38","","",""
"479","4","D1S ","D1SD1 ","150","117127","10","8","    ","65","    D1S00-150058","LCS 19 D1SD1 CONSTRCT FIT BS_2","        ","        ","220","100","220","411.5","411.5","","",""
"479","4","D1S ","D1SD1 ","150","117128","10","9","    ","66","    D1S00-150059","LCS 19 D1SD1 CONSTRT WELD BS_2","        ","        ","190","100","190","290.96","290.96","","",""
"479","4","D1S ","D1SD1 ","150","117129","10","8","    ","67","    D1S00-150060","LCS 19 D1SD1 CONSTRCT FIT BS_3","        ","        ","592","100","592","702.55","702.55","","",""
"479","4","D1S ","D1SD1 ","150","117130","10","9","    ","68","    D1S00-150061","LCS 19 D1SD1 CONSTRT WELD BS_3","        ","        ","750","100","750","725.75","725.75","","",""
"479","4","D1S ","D1SD1 ","150","117216","10","4","    ","284","    D1S00-150083","LCS 19 D1SD1 TOPSIDE POST ACE ","        ","        ","22","100","22","21.5","21.5","","",""
"479","4","D1S ","D1SD3 ","150","117068","10","4","    ","273","    D1S00-150085","LCS 19 D1SD3 TOPSIDE POST ACE ","        ","        ","3","100","3","0","0","","",""
"479","4","D1S ","D1SD1 ","992","117134","10","19","    ","76","    D1S00-992001","LCS 19 D1SD1 INST ROL STRUCTRE","05/25/2015","        ","67","100","67","51.01","51.01","","",""
"479","5","D1S ","D1SD1 ","0","0","10","880","    ","63","    D1SD1-MMCRWK","LCS 19 D1SD1 MMC CAUSED REWORK","        ","        ","0","0","0","0","0","","",""
"479","5","D1S ","D1SD1 ","0","117132","10","19","    ","76","    D1SD1-MODXFR","LCS 19 D1SD1 MOD XFR TO BARGE ","        ","        ","0","100","0","69.66","69.66","","",""
"479","5","D1S ","D1SD1 ","0","117246","10","890","    ","63","    D1SD1-R04100","LCS 19 D1SD1 FORMED PART ERROR","        ","        ","0","100","0","24","24","","",""
"479","5","D1S ","D1SD2 ","0","117164","10","19","    ","106","    D1SD2-MODXFR","LCS 19 D1SD2 MOD XFR TO BARGE ","        ","        ","30","100","30","24.5","24.5","","",""
"479","5","D1S ","D1SD3 ","0","117070","10","19","    ","133","    D1SD3-MODXFR","LCS 19 D1SD3 MOD XFR TO BARGE ","        ","        ","0","100","0","39.25","39.25","","",""
"479","5","D1S ","D1SD4 ","0","117103","10","19","    ","153","    D1SD4-MODXFR","LCS 19 D1SD4 MOD XFR TO BARGE ","        ","        ","60","100","60","27.01","27.01","","",""
"479","5","D1S ","900","74","117131","10","20","    ","63","      D1SD1-0920","LCS 19 D1SD1 R20 ACCURACY CNTL","        ","        ","0","100","0","21","21","","",""
"479","5","D1S ","900","74","117163","10","20","    ","93","      D1SD2-0920","LCS 19 D1SD2 R20 ACCURACY CNTL","        ","        ","0","100","0","0","0","","",""
"479","5","D1S ","900","74","117069","10","20","    ","125","      D1SD3-0920","LCS 19 D1SD3 R20 ACCURACY CNTL","        ","        ","8","100","8","0","0","","",""
"479","5","D1S ","900","74","117102","10","20","    ","142","      D1SD4-0920","LCS 19 D1SD4 R20 ACCURACY CNTL","        ","        ","0","100","0","8.95","8.95","","",""
"479","5","D1S ","STACK ","74","117220","10","20","    ","63","      D1S12-0920","LCS 19 D1SD1/D2 STACK ACC CNTL","        ","        ","0","100","0","0","0","","",""
"479","5","D1S ","STACK ","74","117074","10","20","    ","125","      D1S34-0920","LCS 19 D1SD3/D4 STACK ACC CNTL","        ","        ","0","100","0","3.5","3.5","","",""
"479","5","D1S ","D1SD1 ","150","117177","10","890","    ","57","    D1SD1-R02100","LCS 19 D1SD1 P2 STIFFNER RWK  ","        ","        ","0","100","0","9.5","9.5","","",""
"479","5","D1S ","D1SD1 ","150","117210","10","880","    ","63","    D1SD1-R03300","LCS 19 D1SD1 S3&4 CRACK REPAIR","        ","        ","0","100","0","20","20","","",""
"479","5","D1S ","D1SD1 ","150","117326","10","880","    ","65","    D1SD1-R04300","LCS 19 D1SD1 OVLAP PLATE REMOV","        ","        ","0","100","0","4","4","","",""
"479","5","D1S ","D1SD2 ","150","117242","10","880","    ","90","    D1SD2-R03300","LCS 19 D1SD2 S3/4 3-1 TAPER   ","        ","        ","0","100","0","21","21","","",""
"479","5","D1S ","D1SD2 ","150","117339","10","880","    ","60","    D1SD2-R05500","LCS 19 D1SD2 REALIGN S3 VFRAME","        ","        ","0","100","0","0","0","","",""
"479","5","D1S ","D1SD3 ","150","117236","10","800","    ","125","    D1SD3-R02200","LCS 19 D1SD3 DEKPNL SHRINKAGE ","        ","        ","0","100","0","7","7","","",""
"479","5","D1S ","D1SD4 ","150","117205","10","890","    ","142","    D1SD4-R03100","LCS 19 D1SD4 M01 PNL CUT ERROR","        ","        ","0","100","0","0","0","","",""
"479","5","D1S ","D1SD2 ","167","117179","10","18","    ","99","    D1S00-167004","LCS 19 D1SD2 INST 167 CLOSURES","        ","        ","60","100","60","29.02","29.02","","",""
"479","5","D1S ","D1SD3 ","167","117108","10","18","    ","127","    D1S00-167005","LCS 19 D1SD3 INST 167 CLOSURES","        ","        ","75","100","75","41.5","41.5","","",""
"479","5","D1S ","D1SD1 ","167","117218","10","18","    ","69","    D1S00-167002","LCS 19 D1SD1 INST 167 CLOSURES","10/19/2015","        ","83","36","29.88","81.7","101.7","","",""
"479","5","D1S ","D1SD1 ","512","117080","10","18","    ","74","    D1S00-512007","LCS 19 D1SD1 INSTL 512 LOUVERS","        ","        ","14","100","14","4","4","","",""
"479","5","D1S ","D1SD2 ","512","117172","10","18","    ","103","    D1S00-512008","LCS 19 D1SD2 INSTL 512 LOUVERS","        ","        ","8","100","8","4","4","","",""
"479","5","D1S ","900","992","117041","10","20","    ","          ","      D1SD1-0901","LCS 19 D1SD1 BOAT TEMP SERV   ","        ","        ","0","100","0","227.98","227.98","","",""
"479","5","D1S ","900","992","117042","10","20","    ","          ","      D1SD2-0901","LCS 19 D1SD2 BOAT TEMP SERV   ","        ","        ","0","100","0","249.46","249.46","","",""
"479","5","D1S ","900","992","117043","10","20","    ","          ","      D1SD3-0901","LCS 19 D1SD3 BOAT TEMP SERV   ","        ","        ","0","100","0","72","72","","",""
"479","5","D1S ","900","992","117044","10","20","    ","          ","      D1SD4-0901","LCS 19 D1SD4 BOAT TEMP SERV   ","        ","        ","0","100","0","77","77","","",""
"479","5","D1S ","900","992","117333","10","20","    ","          ","     D1SAFT-0901","LCS 19 D1SAFT D3&4STK TEMPSERV","        ","        ","0","100","0","0","0","","",""
"479","6","D1S ","D1SD1 ","0","0","10","880","    ","62","    D1SD1-R90300","LCS 19 D1SD1 XCES DWG REVW    ","05/25/2015","        ","0","0","0","0","0","","",""
"479","6","D1S ","D1SD2 ","0","0","10","880","    ","92","    D1SD2-R90300","LCS 19 D1SD2 XCES DWG REVW    ","05/25/2015","        ","0","0","0","0","0","","",""
"479","6","D1S ","D1SD3 ","0","0","10","880","    ","120","    D1SD3-R90300","LCS 19 D1SD3 XCES DWG REVW    ","05/25/2015","        ","0","0","0","0","0","","",""
"479","6","D1S ","D1SD4 ","0","0","10","880","    ","141","    D1SD4-R90300","LCS 19 D1SD4 XCES DWG REVW    ","05/25/2015","        ","0","0","0","0","0","","",""
"479","6","D1S ","D1SD2 ","321","117283","10","880","    ","101","    D1SD2-R06300","LCS 19 D1SD2 S1009 EL 167A FIX","        ","        ","0","100","0","24.5","24.5","","",""
"479","7","D1S ","D1SD1 ","192","117133","10","8","    ","81","    D1S00-192002","LCS 19 D1SD1 AIR WAND SEAMTEST","        ","        ","10","100","10","13.17","13.17","","",""
"479","7","D1S ","D1SD2 ","192","117135","10","8","    ","111","    D1S00-192003","LCS 19 D1SD2 AIR WAND SEAMTEST","        ","        ","10","100","10","1.5","1.5","","",""
"479","7","D1S ","D1SD3 ","192","117066","10","8","    ","134","    D1S00-192004","LCS 19 D1SD3 AIR WAND SEAMTEST","        ","        ","17","100","17","0.5","0.5","","",""
"479","7","D1S ","D1SD4 ","192","117105","10","8","    ","155","    D1S00-192005","LCS 19 D1SD4 AIR WAND SEAMTEST","        ","        ","10","100","10","6","6","","",""
"479","9","D1S ","D1SD4 ","167","117239","10","18","    ","148","    D1S00-167006","LCS 19 D1SD4 INSTL 167 BERPS  ","        ","        ","15","100","15","27.5","27.5","","",""
"479","9","D1S ","D1SD1 ","167","117240","10","18","    ","70","    D1S00-167003","LCS 19 D1SD1 INSTL 167 BERPS  ","10/19/2015","        ","5","100","5","7","7","","",""
"479","9","D1S ","D1SD1 ","180","117213","10","2","    ","281","    D1S00-180006","LCS 19 D1SD1 INSTL 180D FND TP","        ","        ","57","100","57","76.02","76.02","","",""
"479","9","D1S ","D1SD2 ","180","117141","10","2","    ","100","    D1S00-180007","LCS 19 D1SD2 INSTL 180 D FNDS ","        ","        ","136","100","136","60.5","60.5","","",""
"479","9","D1S ","D1SD2 ","180","117222","10","2","    ","282","    D1S00-180008","LCS 19 D1SD2 INSTL 180D FND TP","        ","        ","116","89","103.24","50.5","70.5","","",""
"479","9","D1S ","D1SD3 ","180","117051","10","2","    ","128","    D1S00-180009","LCS 19 D1SD3 INSTL 180 D FNDS ","        ","        ","164","100","164","164.5","164.5","","",""
"479","9","D1S ","D1SD3 ","180","117212","10","2","    ","274","    D1S00-180010","LCS 19 D1SD3 INSTL 180D FND TP","        ","        ","15","100","15","20.5","20.5","","",""
"479","9","D1S ","D1SD4 ","180","117099","10","2","    ","149","    D1S00-180011","LCS 19 D1SD4 INSTL 180 D FNDS ","        ","        ","20","85","17","22.5","26.47","","",""
"479","9","D1S ","D1SD1 ","180","117139","10","2","    ","71","    D1S00-180005","LCS 19 D1SD1 INSTL 180 D FNDS ","10/19/2015","        ","70","100","70","36.47","36.47","","",""
"479","9","D1S ","D1SD1 ","321","117174","10","18","    ","72","    D1S00-321008","LCS 19 D1SD1 INSTL 321 HOTWORK","        ","        ","470","100","470","542.48","542.48","","",""
"479","9","D1S ","D1SD2 ","321","117175","10","18","    ","101","    D1S00-321009","LCS 19 D1SD2 INSTL 321 HOTWORK","        ","        ","570","100","570","857.54","857.54","","",""
"479","9","D1S ","D1SD3 ","321","117107","10","18","    ","129","    D1S00-321010","LCS 19 D1SD3 INSTL 321 HOTWORK","        ","        ","324","90","291.6","309.92","344.35","","",""
"479","9","D1S ","D1SD4 ","321","117109","10","18","    ","150","    D1S00-321011","LCS 19 D1SD4 INSTL 321 HOTWORK","        ","        ","132","68","89.76","164.5","241.91","","",""
"479","9","D1S ","D1SD3 ","505","0","10","16","    ","237","    D1S00-505003","LCS 19 D1SD3 INST ANTICE HNGR ","        ","        ","100","0","0","0","100","","",""
"479","9","D1S ","D1SD4 ","505","0","10","16","    ","143","    D1S00-505004","LCS 19 D1SD4 INST ANTICE HNGR ","        ","        ","50","0","0","0","0","","",""
"479","9","D1S ","D1SD1 ","512","117079","10","18","    ","73","    D1S00-512003","LCS 19 D1SD1 INSTL HVAC HOTWRK","        ","        ","125","100","125","135.48","135.48","","",""
"479","9","D1S ","D1SD2 ","512","117171","10","18","    ","102","    D1S00-512004","LCS 19 D1SD2 INSTL HVAC HOTWRK","        ","        ","65","100","65","94.33","94.33","","",""
"479","9","D1S ","D1SD3 ","512","117083","10","18","    ","130","    D1S00-512005","LCS 19 D1SD3 INSTL HVAC HOTWRK","        ","        ","145","100","145","146.46","146.46","","",""
"479","9","D1S ","D1SD4 ","512","117100","10","18","    ","151","    D1S00-512006","LCS 19 D1SD4 INSTL HVAC HOTWRK","        ","        ","40","100","40","44.98","44.98","","",""
"479","9","D1S ","D1SD1 ","612","117341","10","18","    ","298","    D1S00-612001","LCS 19 D1SD1 INSTL 612 HOTWORK","        ","        ","72","100","72","7.5","7.5","","",""
"479","9","D1S ","D1SD1 ","623","0","10","18","    ","237","    D1S00-623001","LCS 19 D1SD1 INSTL 623 LADDERS","        ","        ","50","0","0","0","50","","",""
"479","9","D1S ","D1SD4 ","623","0","10","18","    ","          ","    D1S00-623005","LCS 19 D1SD4 INSTL 623 LADDERS","        ","        ","8","0","0","0","8","","",""
"479","9","D1S ","D1SD3 ","623","117178","10","18","    ","132","    D1S00-623003","LCS 19 D1SD3 INSTL 623 LADDERS","05/04/2015","        ","20","100","20","14","14","","",""
"479","9","D1S ","D1SD3 ","623","0","10","18","    ","132","    D1S00-623004","LCS 19 D1SD3 INST623ESC TK LDR","05/04/2015","        ","33","0","0","0","0","","",""
"479","9","D1S ","D1SD2 ","623","0","10","18","    ","105","    D1S00-623002","LCS 19 D1SD2 INSTL 623 LADDERS","08/20/2015","        ","137","0","0","0","135","","",""
"479","9","D1S ","D1SD2 ","625","117252","10","4","    ","287","    D1SD2-625001","LCS 19 D1SD2 DRL WND WIPR PH  ","        ","        ","48","100","48","84.85","84.85","","",""
"479","10","D1S ","D1SD1 ","150","117115","10","4","    ","56","    D1S00-150006","LCS 19 D1SD1 MAJ ASSY P1      ","        ","        ","183","100","183","165.5","165.5","","",""
"479","10","D1S ","D1SD1 ","150","117116","10","4","    ","57","    D1S00-150007","LCS 19 D1SD1 MAJ ASSY P2      ","        ","        ","325","100","325","337","337","","",""
"479","10","D1S ","D1SD2 ","150","117215","10","4","    ","86","    D1S00-150016","LCS 19 D1SD2 MAJ ASSY P1      ","        ","        ","110","100","110","85.57","85.57","","",""
"479","10","D1S ","D1SD2 ","150","117148","10","4","    ","87","    D1S00-150017","LCS 19 D1SD2 MAJ ASSY P2      ","        ","        ","240","100","240","323.28","323.28","","",""
"479","10","D1S ","D1SD3 ","150","117052","10","4","    ","112","    D1S00-150022","LCS 19 D1SD3 SUB ASSY C       ","        ","        ","3","100","3","1","1","","",""
"479","10","D1S ","D1SD3 ","150","117053","10","4","    ","113","    D1S00-150023","LCS 19 D1SD3 SUB ASSY G       ","        ","        ","3","100","3","1","1","","",""
"479","10","D1S ","D1SD3 ","150","117056","10","4","    ","116","    D1S00-150026","LCS 19 D1SD3 MAJ ASSY P1      ","        ","        ","80","100","80","52.5","52.5","","",""
"479","10","D1S ","D1SD3 ","150","117057","10","4","    ","117","    D1S00-150027","LCS 19 D1SD3 MAJ ASSY P2      ","        ","        ","110","100","110","106.75","106.75","","",""
"479","10","D1S ","D1SD3 ","150","117062","10","8","    ","123","    D1S00-150039","LCS 19 D1SD3 CONSTRCT FIT BS_3","        ","        ","40","100","40","82","82","","",""
"479","10","D1S ","D1SD3 ","150","117064","10","8","    ","125","    D1S00-150072","LCS 19 D1SD3 CONSTRCT FIT BS_1","        ","        ","200","100","200","27.25","27.25","","",""
"479","10","D1S ","D1SD4 ","150","117087","10","4","    ","137","    D1S00-150032","LCS 19 D1SD4 MAJ ASSY P1      ","03/11/2015","        ","70","100","70","76","76","","",""
"479","10","D1S ","D1SD4 ","150","117088","10","4","    ","138","    D1S00-150033","LCS 19 D1SD4 MAJ ASSY P2      ","03/11/2015","        ","100","100","100","129.49","129.49","","",""
"479","10","D1S ","D1SD4 ","150","117092","10","8","    ","142","    D1S00-150042","LCS 19 D1SD4 CONSTRCT FIT BS_1","08/20/2015","        ","62","100","62","45","45","","",""
"479","10","D1S ","D1SD4 ","150","117096","10","8","    ","146","    D1S00-150046","LCS 19 D1SD4 CONSTRCT FIT BS_3","08/20/2015","        ","48","100","48","65.5","65.5","","",""
"479","10","D1S ","D1SD1 ","180","117138","10","2","    ","62","    D1S00-180001","LCS 19 D1SD1 SUB D FOUNDATIONS","        ","        ","106","100","106","51.5","51.5","","",""
"479","10","D1S ","D1SD2 ","180","117140","10","2","    ","92","    D1S00-180002","LCS 19 D1SD2 FAB D FOUNDATIONS","        ","        ","132","100","132","129.5","129.5","","",""
"479","10","D1S ","D1SD3 ","180","117050","10","2","    ","120","    D1S00-180003","LCS 19 D1SD3 FAB D FOUNDATIONS","        ","        ","115","100","115","70.5","70.5","","",""
"479","10","D1S ","D1SD4 ","180","117098","10","2","    ","141","    D1S00-180004","LCS 19 D1SD4 FAB D FOUNDATIONS","03/11/2015","        ","9","100","9","6.5","6.5","","",""
"479","1","D1T ","D1TD1 ","0","117338","10","16","    ","303","    D1TD1-500001","LCS 19 D1TD1 505 PIPE INSTALL ","08/20/2015","        ","420","66","277.2","271.1","371.1","","",""
"479","1","D1T ","D1TD1 ","505","117421","10","16","    ","304","    D1TD1-505004","LCS 19 D1TD1 INST ANTICE HNGR ","        ","        ","148","0","0","0","130","","",""
"479","1","D1T ","D1TD1 ","505","0","10","16","    ","142","    D1TD1-500002","LCS 19 D1TD1 INSTL HOTWORK    ","08/20/2015","        ","156","0","0","0","0","","",""
"479","3","D1T ","D1TD1 ","150","117289","10","4","    ","156","    D1TD1-150001","LCS 19 D1TD1 MAJ ASSY M1      ","07/29/2015","        ","31","100","31","38.25","38.25","","",""
"479","3","D1T ","D1TD1 ","150","117290","10","4","    ","157","    D1TD1-150002","LCS 19 D1TD1 MAJ ASSY M2      ","07/29/2015","        ","34","100","34","42.73","42.73","","",""
"479","3","D1T ","D1TD1 ","150","117291","10","4","    ","158","    D1TD1-150003","LCS 19 D1TD1 MAJ ASSY M3      ","07/29/2015","        ","28","100","28","0","0","","",""
"479","3","D1T ","D1TD1 ","150","117292","10","4","    ","159","    D1TD1-150004","LCS 19 D1TD1 MAJ ASSY M4      ","07/29/2015","        ","28","100","28","0","0","","",""
"479","3","D1T ","D1TD1 ","150","117293","10","4","    ","160","    D1TD1-150005","LCS 19 D1TD1 SUB ASSY M       ","07/29/2015","        ","120","100","120","100.02","100.02","","",""
"479","3","D1T ","D1TD1 ","150","117294","10","4","    ","161","    D1TD1-150006","LCS 19 D1TD1 SUB ASSY N       ","07/29/2015","        ","54","100","54","89.53","89.53","","",""
"479","3","D1T ","D1TD1 ","150","117295","10","4","    ","162","    D1TD1-150007","LCS 19 D1TD1 SIDE ASSY S3     ","07/29/2015","        ","200","100","200","177.22","177.22","","",""
"479","3","D1T ","D1TD1 ","150","117298","10","4","    ","165","    D1TD1-150010","LCS 19 D1TD1 MAJ ASSY S1      ","07/29/2015","        ","240","100","240","267.03","267.03","","",""
"479","3","D1T ","D1TD1 ","150","117299","10","4","    ","166","    D1TD1-150011","LCS 19 D1TD1 MAJ ASSY S2      ","07/29/2015","        ","200","100","200","187","187","","",""
"479","3","D1T ","D1TD1 ","150","117300","10","4","    ","167","    D1TD1-150012","LCS 19 D1TD1 SUB ASSY A       ","07/29/2015","        ","101","100","101","56.5","56.5","","",""
"479","3","D1T ","D1TD1 ","150","117301","10","4","    ","168","    D1TD1-150013","LCS 19 D1TD1 SIDE ASSY S4     ","07/29/2015","        ","159","100","159","262.55","262.55","","",""
"479","3","D1T ","D1TD1 ","150","117302","10","4","    ","169","    D1TD1-150014","LCS 19 D1TD1 SUB ASSY C       ","07/29/2015","        ","74","100","74","56.52","56.52","","",""
"479","3","D1T ","D1TD1 ","167","0","10","4","    ","295","    D1TD1-167002","LCS 19 D1TD1 STAN SKTS & COMBS","03/16/2015","        ","37","0","0","0","37","","",""
"479","4","D1T ","903","0","117313","10","19","    ","185","    D1TD1-992001","LCS 19 D1TD1 LIFT/ROL STRUCTRE","        ","        ","80","99","79.2","32.5","33.5","","",""
"479","4","D1T ","D1TD1 ","150","117310","10","8","    ","292","    D1TD1-150025","LCS 19 D1TD1 TOPSIDE POST ACE ","        ","        ","5","99","4.95","32.5","33.5","","",""
"479","4","D1T ","D1TD1 ","150","117303","10","8","    ","171","    D1TD1-150016","LCS 19 D1TD1 CONSTRCT FIT BS_1","08/12/2015","        ","20","100","20","24","24","","",""
"479","4","D1T ","D1TD1 ","150","117304","10","9","    ","172","    D1TD1-150017","LCS 19 D1TD1 CONSTRT WELD BS_1","08/12/2015","        ","19.5","99","19.31","32","33","","",""
"479","4","D1T ","D1TD1 ","150","117305","10","8","    ","173","    D1TD1-150018","LCS 19 D1TD1 CONSTRCT FIT BS_2","08/12/2015","        ","200","100","200","265.52","265.52","","",""
"479","4","D1T ","D1TD1 ","150","117306","10","9","    ","174","    D1TD1-150019","LCS 19 D1TD1 CONSTRT WELD BS_2","08/12/2015","        ","265","99","262.35","368.06","369.06","","",""
"479","4","D1T ","D1TD1 ","150","117307","10","8","    ","175","    D1TD1-150020","LCS 19 D1TD1 CONSTRCT FIT BS_3","08/12/2015","        ","230","100","230","280.5","280.5","","",""
"479","4","D1T ","D1TD1 ","150","117308","10","9","    ","176","    D1TD1-150021","LCS 19 D1TD1 CONSTRT WELD BS_3","08/12/2015","        ","250","99","247.5","221.44","222.44","","",""
"479","5","D1T ","D1TD1 ","0","117311","10","19","    ","185","    D1TD1-MODXFR","LCS 19 D1TD1 MOD XFR TO BARGE ","        ","        ","20","0","0","0.5","20.5","","",""
"479","5","D1T ","900","74","117309","10","20","    ","171","      D1TD1-0920","LCS 19 D1TD1 R20 ACCURACY CNTL","        ","        ","0","87","0","5","5.74","","",""
"479","5","D1T ","D1TD1 ","150","117627","10","890","    ","182","    D1TD1-R04100","LCS 19 D1TD1 REMAKE BOLT STRAP","        ","        ","0","0","0","0","10","","",""
"479","5","D1T ","D1TD1 ","150","117552","10","800","    ","158","    D1TD1-R04200","LCS 19 D1TD1 02-M03 TBAR WORK ","        ","        ","0","0","0","15","22","","",""
"479","5","D1T ","D1TD1 ","150","117559","10","800","    ","173","    D1TD1-R04201","LCS 19 D1TD1 NOSECONE WELD ERR","        ","        ","0","100","0","17.52","17.52","","",""
"479","5","D1T ","D1TD1 ","167","117335","10","18","    ","177","    D1TD1-167001","LCS 19 D1TD1 INSTL167 CLOSURES","03/16/2015","        ","32","100","32","23.98","23.98","","",""
"479","5","D1T ","D1TD1 ","259","117346","10","4","    ","179","    D1TD1-259001","LCS 19 D1TD1 P INST259 LOUVERS","08/20/2015","        ","125","57","71.25","94.02","144.02","","",""
"479","5","D1T ","D1TD1 ","259","117347","10","4","    ","180","    D1TD1-259002","LCS 19 D1TD1 S INST259 LOUVERS","08/20/2015","        ","134","57","76.38","75.78","125.78","","",""
"479","5","D1T ","900","992","117048","10","20","    ","          ","      D1TD1-0901","LCS 19 D1TD1 BOAT TEMP SERV   ","        ","        ","0","87","0","166.2","191.03","","",""
"479","6","D1T ","D1TD1 ","0","117619","10","880","    ","          ","    D1TD1-R90390","LCS 19 D1TD1 FCN ELECT LABOR  ","        ","        ","0","1","0","32","3200","","",""
"479","7","D1T ","D1TD1 ","192","117312","10","8","    ","186","    D1TD1-192001","LCS 19 D1TD1 AIR WAND SEAMTEST","10/14/2015","        ","43","50","21.5","0","39","","",""
"479","9","D1T ","D1TD1 ","0","117336","10","18","    ","182","    D1TD1-512001","LCS 19 D1TD1 INSTL HVAC HOTWK ","08/20/2015","        ","15","100","15","5.98","5.98","","",""
"479","9","D1T ","D1TD1 ","180","117315","10","18","    ","178","    D1TD1-180002","LCS 19 D1TD1 INSTL 180 D FNDS ","03/16/2015","        ","77","94","72.38","89.61","93.61","","",""
"479","9","D1T ","D1TD1 ","180","117316","10","18","    ","296","    D1TD1-180003","LCS 19 D1TD1 INST 180 FNDS TOP","03/16/2015","        ","100","99","99","61","63","","",""
"479","9","D1T ","D1TD1 ","321","117348","10","18","    ","181","    D1TD1-321002","LCS 19 D1TD1 INSTL 321 HOTWORK","05/07/2015","        ","200","84","168","220.23","234.23","","",""
"479","9","D1T ","D1TD1 ","612","117337","10","18","    ","183","    D1TD1-612001","LCS 19 D1TD1 INSTL 612 HOTWORK","05/07/2015","        ","41","63","25.83","34.5","39.5","","",""
"479","9","D1T ","D1TD1 ","623","117349","10","18","    ","184","    D1TD1-623001","LCS 19 D1TD1 INSTL 623 LADDERS","05/07/2015","        ","15","96","14.4","8.5","9.5","","",""
"479","10","D1T ","D1TD1 ","150","117296","10","4","    ","163","    D1TD1-150008","LCS 19 D1TD1 MAJ ASSY P1      ","07/29/2015","        ","180","100","180","129.07","129.07","","",""
"479","10","D1T ","D1TD1 ","150","117297","10","4","    ","164","    D1TD1-150009","LCS 19 D1TD1 MAJ ASSY P2      ","07/29/2015","        ","111","100","111","185.97","185.97","","",""
"479","10","D1T ","D1TD1 ","180","117314","10","18","    ","170","    D1TD1-180001","LCS 19 D1TD1 SUB 180 D FNDS   ","07/29/2015","        ","60","100","60","64.48","64.48","","",""
"479","3","D2M ","D2MM1 ","180","0","10","2","    ","          ","    D2MM1-180001","LCS 19 D2MM1 SUB 180 D FNDS   ","09/10/2015","        ","235","0","0","0","0","","",""
"479","5","D2M ","D2MM1 ","0","0","10","19","    ","          ","    D2MM1-MODXFR","LCS 19 D2MM1 MOD XFR TO BARGE ","        ","        ","0","0","0","0","0","","",""
"479","5","D2M ","900","74","0","10","20","    ","          ","      D2MM1-0920","LCS 19 D2MM1 R20 ACCURACY CNTL","        ","        ","0","0","0","0","0","","",""
"479","5","D2M ","900","992","117047","10","20","    ","          ","      D2MM1-0901","LCS 19 D2MM1 BOAT TEMP SERV   ","        ","        ","0","0","0","72.33","0","","",""
"479","6","D2M ","D2MM1 ","0","0","10","880","    ","36","    D2MM1-R90300","LCS 19 D2MM1 XCES DWG REVW    ","05/25/2015","        ","0","0","0","0","0","","",""
"479","7","D2M ","D2MM1 ","192","0","10","8","    ","          ","    D2MM1-192001","LCS 19 D2MM1 AIR WAND SEAMTEST","11/23/2015","        ","17","0","0","0","17","","",""
"479","9","D2M ","D2MM1 ","167","0","10","18","    ","          ","    D2MM1-167001","LCS 19 D2MM1 INSTALL 167 BERPS","11/09/2015","        ","129","0","0","0","0","","",""
"479","9","D2M ","D2MM1 ","180","0","10","18","    ","          ","    D2MM1-180003","LCS 19 D2MM1 INSTL 180 FNDS   ","09/10/2015","        ","235","0","0","0","0","","",""
"479","9","D2M ","D2MM1 ","321","0","10","18","    ","          ","    D2MM1-321001","LCS 19 D2MM1 INSTL 321 HOTWRK ","11/30/2015","        ","119","0","0","0","0","","",""
"479","9","D2M ","D2MM1 ","613","0","10","18","    ","          ","    D2MM1-613001","LCS 19 D2MM1 INSTL 613 HOTWORK","11/09/2015","        ","27","0","0","0","0","","",""
"479","9","D2M ","D2MM1 ","623","0","10","18","    ","          ","    D2MM1-623001","LCS 19 D2MM1 INSTL 623 LADDERS","11/09/2015","        ","0","0","0","0","0","","",""
"479","10","D2M ","D2MM1 ","150","0","10","8","    ","          ","    D2MM1-150007","LCS 19 D2MM1 CONSTRCT FIT BS_1","05/25/2015","        ","94","0","0","0","0","","",""
"479","10","D2M ","D2MM1 ","150","0","10","9","    ","          ","    D2MM1-150008","LCS 19 D2MM1 CONSTR WELD BS_1 ","05/25/2015","        ","94","0","0","0","0","","",""
"479","10","D2M ","D2MM1 ","150","0","10","8","    ","          ","    D2MM1-150009","LCS 19 D2MM1 CONSTRCT FIT BS_2","05/25/2015","        ","94","0","0","0","0","","",""
"479","10","D2M ","D2MM1 ","150","0","10","9","    ","          ","    D2MM1-150010","LCS 19 D2MM1 CONSTR WELD BS_2 ","05/25/2015","        ","94","0","0","0","0","","",""
"479","10","D2M ","D2MM1 ","150","0","10","4","    ","          ","    D2MM1-150014","LCS 19 D2MM1 SUB ASSY A       ","09/10/2015","        ","264","0","0","0","0","","",""
"479","10","D2M ","D2MM1 ","150","0","10","4","    ","          ","    D2MM1-150016","LCS 19 D2MM1 SUB ASSY C       ","09/10/2015","        ","264","0","0","0","0","","",""
"479","10","D2M ","D2MM1 ","150","0","10","4","    ","          ","    D2MM1-150019","LCS 19 D2MM1 SUB ASSY F       ","09/10/2015","        ","264","0","0","0","0","","",""
"479","10","D2M ","D2MM1 ","150","0","10","4","    ","          ","    D2MM1-150020","LCS 19 D2MM1 SUB ASSY G       ","09/10/2015","        ","264","0","0","0","0","","",""
"479","10","D2M ","D2MM1 ","150","0","10","4","    ","          ","    D2MM1-150022","LCS 19 D2MM1 SUB ASSY M       ","09/10/2015","        ","264","0","0","0","0","","",""
"479","10","D2M ","D2MM1 ","150","0","10","4","    ","          ","    D2MM1-150001","LCS 19 D2MM1 MAJ ASSY T1      ","10/26/2015","        ","265","0","0","0","0","","",""
"479","10","D2M ","D2MM1 ","150","0","10","4","    ","          ","    D2MM1-150002","LCS 19 D2MM1 MAJ ASSY T2      ","10/26/2015","        ","265","0","0","0","0","","",""
"479","10","D2M ","D2MM1 ","150","0","10","4","    ","          ","    D2MM1-150003","LCS 19 D2MM1 MAJ ASSY T3      ","10/26/2015","        ","265","0","0","0","0","","",""
"479","10","D2M ","D2MM1 ","150","0","10","4","    ","          ","    D2MM1-150004","LCS 19 D2MM1 MAJ ASSY T4      ","10/26/2015","        ","265","0","0","0","0","","",""
"479","10","D2M ","D2MM1 ","150","0","10","4","    ","          ","    D2MM1-150005","LCS 19 D2MM1 MAJ ASSY T5      ","10/26/2015","        ","265","0","0","0","0","","",""
"479","10","D2M ","D2MM1 ","150","0","10","4","    ","          ","    D2MM1-150006","LCS 19 D2MM1 MAJ ASSY T6      ","10/26/2015","        ","265","0","0","0","0","","",""
"479","10","D2M ","D2MM1 ","612","0","10","18","    ","          ","    D2MM1-612001","LCS 19 D2MM1 INSTL 612 HOTWORK","11/09/2015","        ","8","0","0","0","0","","",""
"479","10","D2M ","D2MM1 ","992","0","10","19","    ","          ","    D2MM1-992004","LCS 19 D2MM1 LIFT/ROL STRUCTRE","05/25/2015","        ","0","0","0","0","0","","",""
"479","1","D2S ","D2SD1 ","0","117039","10","16","    ","22","    D2S00-500001","LCS 19 D2SD1 INSTGRP500 SOC2.1","05/11/2015","        ","15","100","15","28","28","","",""
"479","1","D2S ","D2SD1 ","0","117040","10","16","    ","23","    D2S00-500002","LCS 19 D2SD1 INSTGRP505 SOC2.2","05/11/2015","        ","850","100","850","984.59","984.59","","",""
"479","1","D2S ","D2SD2 ","505","117136","10","16","    ","46","    D2S00-500003","LCS 19 D2SD2 INSTGRP500 SOC2.2","05/25/2015","        ","500","100","500","419.27","419.27","","",""
"479","2","D2S ","D2SD1 ","150","116987","10","8","    ","15","    D2S00-150034","LCS 19 D2SD1 CONSTR FIT BS_3  ","04/29/2015","        ","71","100","71","116","116","","",""
"479","2","D2S ","D2SD2 ","150","117009","10","8","    ","36","    D2S00-150019","LCS 19 D2SD2 CONSTRT FIT BS_1 ","05/13/2015","        ","20","100","20","38.98","38.98","","",""
"479","2","D2S ","D2SD2 ","150","117010","10","9","    ","37","    D2S00-150020","LCS 19 D2SD2 CONSTR WELD BS_1 ","05/13/2015","        ","67","100","67","12","12","","",""
"479","2","D2S ","D2SD2 ","150","117011","10","8","    ","38","    D2S00-150021","LCS 19 D2SD2 CONSTR FIT BS_2  ","05/13/2015","        ","250","100","250","140.5","140.5","","",""
"479","2","D2S ","D2SD2 ","150","117012","10","9","    ","39","    D2S00-150022","LCS 19 D2SD2 CONSTR WELD BS_2 ","05/13/2015","        ","300","100","300","393.97","393.97","","",""
"479","2","D2S ","D2SD2 ","150","117013","10","8","    ","40","    D2S00-150023","LCS 19 D2SD2 CONSTR FIT BS_3  ","05/13/2015","        ","140","100","140","78.97","78.97","","",""
"479","2","D2S ","D2SD2 ","150","117014","10","9","    ","41","    D2S00-150024","LCS 19 D2SD2 CONSTR WELD BS_3 ","05/13/2015","        ","130","100","130","96.99","96.99","","",""
"479","2","D2S ","D2SD2 ","992","117017","10","19","    ","47","    D2S00-992004","LCS 19 D2SD2 LIFT/ROL STRUCTRE","05/25/2015","        ","125","100","125","103.5","103.5","","",""
"479","3","D2S ","D2SD1 ","0","0","10","880","    ","11","    D2SD1-R03301","LCS 19 D2SD1 N07-100/104 NOTCH","        ","        ","0","0","0","0","0","","",""
"479","3","D2S ","D2SD1 ","150","116975","10","4","    ","2","    D2S00-150001","LCS 19 D2SD1 SUB ASSY A       ","03/30/2015","        ","14","100","14","0","0","","",""
"479","3","D2S ","D2SD1 ","150","116976","10","4","    ","3","    D2S00-150002","LCS 19 D2SD1 SUB ASSY B       ","03/30/2015","        ","8.5","100","8.5","5","5","","",""
"479","3","D2S ","D2SD1 ","150","116977","10","4","    ","4","    D2S00-150003","LCS 19 D2SD1 SUB ASSY M       ","03/30/2015","        ","175","100","175","115.98","115.98","","",""
"479","3","D2S ","D2SD1 ","150","116978","10","4","    ","5","    D2S00-150004","LCS 19 D2SD1 SUB ASSY N       ","03/30/2015","        ","450","100","450","418.84","418.84","","",""
"479","3","D2S ","D2SD1 ","150","116981","10","4","    ","8","    D2S00-150007","LCS 19 D2SD1 MAJ ASSY S1      ","03/30/2015","        ","74.5","100","74.5","73.5","73.5","","",""
"479","3","D2S ","D2SD1 ","150","116982","10","4","    ","9","    D2S00-150008","LCS 19 D2SD1 MAJ ASSY S2      ","03/30/2015","        ","122.5","100","122.5","168.92","168.92","","",""
"479","3","D2S ","D2SD2 ","150","117000","10","4","    ","28","    D2S00-150009","LCS 19 D2SD2 SUB ASSY A       ","04/13/2015","        ","80","100","80","299.03","299.03","","",""
"479","3","D2S ","D2SD2 ","150","117001","10","4","    ","29","    D2S00-150010","LCS 19 D2SD2 SUB ASSY M       ","04/13/2015","        ","430","100","430","186.97","186.97","","",""
"479","3","D2S ","D2SD2 ","150","117002","10","4","    ","30","    D2S00-150011","LCS 19 D2SD2 SUB ASSY N       ","04/13/2015","        ","155","100","155","90.19","90.19","","",""
"479","3","D2S ","D2SD2 ","150","117005","10","4","    ","33","    D2S00-150014","LCS 19 D2SD2 MAJ ASSY S1      ","05/11/2015","        ","150","100","150","107","107","","",""
"479","3","D2S ","D2SD2 ","150","117006","10","4","    ","34","    D2S00-150015","LCS 19 D2SD2 MAJ ASSY S2      ","05/11/2015","        ","110","100","110","152.87","152.87","","",""
"479","3","D2S ","D2SD2 ","150","117007","10","4","    ","48","    D2S00-150017","LCS 19 D2SD2 MAJ ASSY T1      ","05/11/2015","        ","48","100","48","25.25","25.25","","",""
"479","3","D2S ","D2SD2 ","150","117008","10","4","    ","49","    D2S00-150018","LCS 19 D2SD2 MAJ ASSY T2      ","05/11/2015","        ","20","100","20","40.5","40.5","","",""
"479","3","D2S ","D2SD1 ","180","117076","10","800","    ","11","    D2SD1-R03201","LCS 19 N19 ACE INSTL ERROR    ","        ","        ","0","100","0","10","10","","",""
"479","4","D2S ","D2SD1 ","150","116983","10","8","    ","11","    D2S00-150030","LCS 19 D2SD1 CONSTR FIT BS_1  ","04/29/2015","        ","82.5","100","82.5","30","30","","",""
"479","4","D2S ","D2SD1 ","150","116984","10","9","    ","12","    D2S00-150031","LCS 19 D2SD1 CONSTR WELD BS_1 ","04/29/2015","        ","20","100","20","42","42","","",""
"479","4","D2S ","D2SD1 ","150","116985","10","8","    ","13","    D2S00-150032","LCS 19 D2SD1 CONSTR FIT BS_2  ","04/29/2015","        ","450.5","100","450.5","560.08","560.08","","",""
"479","4","D2S ","D2SD1 ","150","116986","10","9","    ","14","    D2S00-150033","LCS 19 D2SD1 CONSTR WELD BS_2 ","04/29/2015","        ","727.5","100","727.5","689.03","689.03","","",""
"479","4","D2S ","D2SD1 ","150","116988","10","9","    ","16","    D2S00-150035","LCS 19 D2SD1 CONSTR WELD BS_3 ","04/29/2015","        ","48.5","100","48.5","64.95","64.95","","",""
"479","4","D2S ","D2SD1 ","992","117019","10","19","    ","26","    D2S00-992001","LCS 19 D2SD1 LIFT/ROL STRUCTRE","06/29/2015","        ","200","100","200","105.27","105.27","","",""
"479","5","D2S ","901","0","0","10","890","    ","11","    D2SD1-R01100","LCS 19 D2SD1 R01 VCAUZ CRK RWK","        ","        ","0","0","0","0","0","","",""
"479","5","D2S ","903","0","0","10","880","    ","11","    D2SD1-MMCRWK","LCS 19 D2SD1 MMC CAUSED REWORK","        ","        ","0","0","0","0","0","","",""
"479","5","D2S ","903","0","0","10","880","    ","11","    D2SD1-R03300","LCS 19 D2SD1 R03 MMC CAUZ RWK ","        ","        ","0","0","0","0","0","","",""
"479","5","D2S ","D2SD1 ","0","117020","10","19","    ","26","    D2SD1-MODXFR","LCS 19 D2SD1 MOD XFR TO BARGE ","        ","        ","0","100","0","46.8","46.8","","",""
"479","5","D2S ","D2SD2 ","0","117016","10","19","    ","47","    D2SD2-MODXFR","LCS 19 D2SD2 MOD XFR TO BARGE ","        ","        ","0","100","0","57.5","57.5","","",""
"479","5","D2S ","D2SD2 ","0","0","10","800","    ","36","    D2SD2-R05200","LCS 19 D2SD2 R01 EXCES SHRNKGE","        ","        ","0","0","0","0","0","","",""
"479","5","D2S ","D2SD1 ","74","117022","10","20","    ","11","      D2SD1-0920","LCS 19 D2SD1 R20 ACCURACY CNTL","        ","        ","0","100","0","8.05","8.05","","",""
"479","5","D2S ","D2SD2 ","74","117023","10","20","    ","36","      D2SD2-0920","LCS 19 D2SD2 R20 ACCURACY CNTL","        ","        ","0","100","0","0","0","","",""
"479","5","D2S ","D2SD1 ","150","117082","10","890","    ","4","    D2SD1-R03101","LCS 19 D2SD1 M05TBAR ALIGNMNT ","        ","        ","0","100","0","8.5","8.5","","",""
"479","5","D2S ","D2SD1 ","150","117028","10","880","    ","11","    D2SD1-R03302","LCS 19 D2SD1 DIM107/109 WRONG ","        ","        ","0","100","0","10","10","","",""
"479","5","D2S ","D2SD1 ","150","117235","10","800","    ","11","    D2SD1-R04201","LCS 19 D2SD1 BULKHEAD FAIRNESS","        ","        ","0","100","0","13","13","","",""
"479","5","D2S ","D2SD1 ","150","117211","10","880","    ","11","    D2SD1-R04301","LCS 19 D2SD1 PNLS MISING SLOTS","        ","        ","0","100","0","8.5","8.5","","",""
"479","5","D2S ","D2SD1 ","150","117245","10","880","    ","11","    D2SD1-R04302","LCS 19 D2SD1 FR 32 DWG DIM ERR","        ","        ","0","100","0","10","10","","",""
"479","5","D2S ","D2SD2 ","150","117142","10","890","    ","36","    D2SD2-R02101","LCS 19 D2SD2P2 XTRUSION DEFECT","        ","        ","0","100","0","111.51","111.51","","",""
"479","5","D2S ","D2SD2 ","150","117173","10","800","    ","36","    D2SD2-R02201","LCS 19 D2SD2 P2 SHRINKAGE RWK ","        ","        ","0","100","0","5","5","","",""
"479","5","D2S ","D2SD1 ","167","117137","10","18","    ","17","    D2S00-167001","LCS 19 D2SD1 INST 167 CLOSURES","03/16/2015","        ","340","100","340","346.45","346.45","","",""
"479","5","D2S ","D2SD2 ","167","117237","10","18","    ","42","    D2S00-167002","LCS 19 D2SD2 INST 167 CLOSURES","05/11/2015","        ","80","100","80","78.02","78.02","","",""
"479","5","D2S ","D2SD2 ","180","117392","10","800","    ","10","    D2SD2-R03201","LCS 19 D2SD2 PNLLINE LOST E02D","        ","        ","0","100","0","4","4","","",""
"479","5","D2S ","D2SD1 ","512","117027","10","18","    ","21","    D2S00-512003","LCS 19 D2SD1 INSTL 512 LOUVERS","04/29/2015","        ","50","100","50","6.5","6.5","","",""
"479","5","D2S ","900","992","117031","10","20","    ","          ","      D2SD1-0901","LCS 19 D2SD1 BOAT TEMP SERV   ","        ","        ","0","100","0","125.5","125.5","","",""
"479","5","D2S ","900","992","117032","10","20","    ","          ","      D2SD2-0901","LCS 19 D2SD2 BOAT TEMP SERV   ","        ","        ","0","100","0","98","98","","",""
"479","6","D2S ","D2SD1 ","0","0","10","880","    ","11","    D2SD1-R06301","LCS 19 D2SD1 D11 DWG DIM WRONG","        ","        ","0","0","0","0","0","","",""
"479","6","D2S ","D2SD1 ","0","0","10","880","    ","11","    D2SD1-R06302","LCS 19 D2SD1 XCESS FCN INVEST.","        ","        ","0","0","0","0","0","","",""
"479","6","D2S ","D2SD2 ","0","0","10","880","    ","36","    D2SD2-R06301","LCS 19 D2SD2 XCESS FCN INVEST.","        ","        ","0","0","0","0","0","","",""
"479","6","D2S ","D2SD1 ","0","0","10","880","    ","10","    D2SD1-R90300","LCS 19 D2SD1 XCES DWG REVW    ","05/25/2015","        ","0","0","0","0","0","","",""
"479","6","D2S ","D2SD2 ","0","0","10","880","    ","35","    D2SD2-R90300","LCS 19 D2SD2 XCES DWG REVW    ","05/25/2015","        ","0","0","0","0","0","","",""
"479","6","D2S ","D2SD1 ","321","117281","10","880","    ","19","    D2SD1-R06303","LCS 19 D2SD1 S1072 FMM ERR REP","        ","        ","0","100","0","7","7","","",""
"479","6","D2S ","D2SD1 ","321","117329","10","880","    ","19","    D2SD1-R06305","LCS 19 D2SD1 FCN4940 CAUZ RWK ","        ","        ","0","100","0","0","0","","",""
"479","6","D2S ","DS2D1 ","321","117287","10","880","    ","19","    D2SD1-R06304","LCS 19 D2SD1 FCN-5883 LABOR HR","        ","        ","0","100","0","21.48","21.48","","",""
"479","6","D2S ","D2SD1 ","505","117253","10","880","    ","22","    D2SD1-R07300","LCS 19 D2SD1 SLV72 DWG DIM ERR","        ","        ","0","100","0","4.5","4.5","","",""
"479","6","D2S ","D2SD1 ","505","117286","10","880","    ","23","    D2SD1-R07301","LCS 19 D2SD1 MAG 1 REWORK     ","        ","        ","0","100","0","0","0","","",""
"479","7","D2S ","D2SD2 ","192","117024","10","8","    ","50","    D2S00-192003","LCS 19 D2SD2 AIR WAND SEAMTEST","07/06/2015","        ","15","100","15","10","10","","",""
"479","7","D2S ","D2SD1 ","192","117018","10","8","    ","27","    D2S00-192002","LCS 19 D2SD1 AIR WAND SEAMTEST","07/08/2015","        ","15","100","15","16","16","","",""
"479","9","D2S ","D2SD1 ","0","0","10","880","    ","11","    D2SD1-R06300","LCS 19 D2SD1 R06 EXCES DWG REV","        ","        ","0","0","0","0","0","","",""
"479","9","D2S ","D2SD2 ","0","0","10","880","    ","36","    D2SD2-R06300","LCS 19 D2SD2 R06 XCES DWG REVW","        ","        ","0","0","0","0","0","","",""
"479","9","D2S ","D2SD1 ","180","116990","10","18","    ","18","    D2S00-180004","LCS 19 D2SD1 INSTL 180 D FNDS ","03/16/2015","        ","252.5","100","252.5","278.9","278.9","","",""
"479","9","D2S ","D2SD2 ","180","116999","10","18","    ","43","    D2S00-180006","LCS 19 D2SD2 INSTL 180 D FNDS ","05/11/2015","        ","395","100","395","274.35","274.35","","",""
"479","9","D2S ","D2SD2 ","321","116996","10","18","    ","44","    D2S00-321003","LCS 19 D2SD2 INSTL 321 HOTWORK","05/25/2015","        ","600","100","600","599.02","599.02","","",""
"479","9","D2S ","D2SD1 ","321","116995","10","18","    ","19","    D2S00-321002","LCS 19 D2SD1 INSTL 321 HOTWORK","08/20/2015","        ","555","100","555","656.06","656.06","","",""
"479","9","D2S ","D2SD1 ","512","117026","10","18","    ","20","    D2S00-512001","LCS 19 D2SD1 INSTL HVAC HOTWRK","04/29/2015","        ","50","100","50","101.48","101.48","","",""
"479","9","D2S ","D2SD2 ","512","117025","10","18","    ","45","    D2S00-512002","LCS 19 D2SD2 INSTL HVAC HOTWRK","05/25/2015","        ","350","100","350","226.39","226.39","","",""
"479","9","D2S ","D2SD1 ","612","117288","10","18","    ","25","    D2S00-612001","LCS 19 D2SD1 INSTL 612 HOTWORK","05/11/2015","        ","4","100","4","5.5","5.5","","",""
"479","9","D2S ","D2SD1 ","623","117165","10","18","    ","24","    D2S00-623001","LCS 19 D2SD1 INSTL 623 LADDERS","05/11/2015","        ","8","100","8","0","0","","",""
"479","10","D2S ","D2SD1 ","0","0","10","890","    ","11","    D2SD1-R02101","LCS 19 D2SD1 P2-119 VEN-FORM  ","        ","        ","0","0","0","0","0","","",""
"479","10","D2S ","D2SD2 ","0","0","10","880","    ","36","    D2SD2-R01301","LCS 19 MMCP2 R01 RPEAT FORM ER","        ","        ","0","0","0","0","0","","",""
"479","10","D2S ","D2SD1 ","150","116979","10","4","    ","6","    D2S00-150005","LCS 19 D2SD1 MAJ ASSY P1      ","03/30/2015","        ","166.5","100","166.5","161.5","161.5","","",""
"479","10","D2S ","D2SD1 ","150","116980","10","4","    ","7","    D2S00-150006","LCS 19 D2SD1 MAJ ASSY P2      ","03/30/2015","        ","350","100","350","294.53","294.53","","",""
"479","10","D2S ","D2SD2 ","150","117003","10","4","    ","31","    D2S00-150012","LCS 19 D2SD2 MAJ ASSY P1      ","04/13/2015","        ","200","100","200","153.48","153.48","","",""
"479","10","D2S ","D2SD2 ","150","117004","10","4","    ","32","    D2S00-150013","LCS 19 D2SD2 MAJ ASSY P2      ","04/13/2015","        ","320","100","320","393.27","393.27","","",""
"479","10","D2S ","D2SD1 ","180","116989","10","2","    ","10","    D2S00-180001","LCS 19 D2SD1 FAB D FOUNDATIONS","03/30/2015","        ","421","100","421","415.05","415.05","","",""
"479","10","D2S ","D2SD2 ","180","116998","10","2","    ","35","    D2S00-180002","LCS 19 D2SD2 SUB 180 D FNDS   ","04/13/2015","        ","573","100","573","438.5","438.5","","",""
"479","10","D2S ","D2SD2 ","180","117228","10","4","    ","286"," D2SD2-L99X00021","LCS 19 D2SD2 ECN012 NEW D39   ","04/13/2015","        ","0","100","0","3","3","","",""
"479","1","D2T ","D2TD1 ","0","117331","10","16","    ","305","    D2T00-500001","LCS 19 D2TD1 INSTGRP500 SOC2.2","07/07/2015","        ","300","96","288","367.12","372.12","","",""
"479","1","D2T ","D2TD2 ","0","117332","10","16","    ","306","    D2T00-500002","LCS 19 D2TD2 INSTGRP500 SOC2.2","09/07/2015","        ","107","96","102.72","51.05","53.05","","",""
"479","2","D2T ","D2TD2 ","150","117321","10","8","    ","289","    D2T00-150063","LCS 19 D2TD2 TOPSIDE WELD OUT ","05/25/2015","        ","20","100","20","25.5","25.5","","",""
"479","2","D2T ","D2TD2 ","150","117272","10","8","    ","225","    D2T00-150042","LCS 19 D2TD2 CONSTRCT FIT BS_1","08/26/2015","        ","25","100","25","30","30","","",""
"479","2","D2T ","D2TD2 ","150","117273","10","9","    ","226","    D2T00-150043","LCS 19 D2TD2 CONSTRT WELD BS_1","08/26/2015","        ","40","100","40","32.5","32.5","","",""
"479","2","D2T ","D2TD2 ","150","117274","10","8","    ","227","    D2T00-150044","LCS 19 D2TD2 CONSTRCT FIT BS_2","08/26/2015","        ","330","100","330","146","146","","",""
"479","2","D2T ","D2TD2 ","150","117275","10","9","    ","228","    D2T00-150045","LCS 19 D2TD2 CONSTRT WELD BS_2","08/26/2015","        ","450","100","450","307.95","307.95","","",""
"479","2","D2T ","D2TD2 ","150","117276","10","8","    ","229","    D2T00-150046","LCS 19 D2TD2 CONSTRCT FIT BS_3","08/26/2015","        ","102","100","102","122.49","122.49","","",""
"479","2","D2T ","D2TD2 ","150","117277","10","9","    ","230","    D2T00-150047","LCS 19 D2TD2 CONSTRT WELD BS_3","08/26/2015","        ","100","100","100","172","172","","",""
"479","2","D2T ","D2TD2 ","992","117323","10","19","    ","237","    D2T00-992012","LCS 19 D2TD2 LIFT/ROL STRUCTRE","        ","        ","60","100","60","41.5","41.5","","",""
"479","3","D2T ","D2TD1 ","150","117182","10","4","    ","187","    D2T00-150001","LCS 19 D2TD1 SUB ASSY A       ","06/01/2015","        ","21","100","21","28","28","","",""
"479","3","D2T ","D2TD1 ","150","117183","10","4","    ","188","    D2T00-150002","LCS 19 D2TD1 SUB ASSY B       ","06/01/2015","        ","35","100","35","42.33","42.33","","",""
"479","3","D2T ","D2TD1 ","150","117184","10","4","    ","189","    D2T00-150003","LCS 19 D2TD1 SUB ASSY C       ","06/01/2015","        ","44","100","44","6.05","6.05","","",""
"479","3","D2T ","D2TD1 ","150","117189","10","4","    ","194","    D2T00-150009","LCS 19 D2TD1 SUB ASSY M       ","06/01/2015","        ","150","100","150","169.01","169.01","","",""
"479","3","D2T ","D2TD1 ","150","117190","10","4","    ","195","    D2T00-150010","LCS 19 D2TD1 SUB ASSY N       ","06/01/2015","        ","75","100","75","71.5","71.5","","",""
"479","3","D2T ","D2TD1 ","150","117195","10","4","    ","201","    D2T00-150055","LCS 19 D2TD1 MAJ ASSY T1      ","06/01/2015","        ","15","100","15","10.48","10.48","","",""
"479","3","D2T ","D2TD1 ","150","117196","10","4","    ","202","    D2T00-150056","LCS 19 D2TD1 MAJ ASSY T2      ","06/01/2015","        ","15","100","15","17.5","17.5","","",""
"479","3","D2T ","D2TD2 ","150","117259","10","4","    ","216","    D2T00-150016","LCS 19 D2TD2 SUB ASSY A       ","08/03/2015","        ","112","100","112","141","141","","",""
"479","3","D2T ","D2TD2 ","150","117262","10","4","    ","219","    D2T00-150029","LCS 19 D2TD2 SUB ASSY M       ","08/03/2015","        ","80","100","80","60.04","60.04","","",""
"479","3","D2T ","D2TD2 ","150","117265","10","4","    ","222","    D2T00-150034","LCS 19 D2TD2 MAJ ASSY S1      ","08/03/2015","        ","66","100","66","47.57","47.57","","",""
"479","3","D2T ","D2TD2 ","150","117266","10","4","    ","223","    D2T00-150035","LCS 19 D2TD2 MAJ ASSY S2      ","08/03/2015","        ","42","100","42","66.92","66.92","","",""
"479","3","D2T ","D2TD2 ","150","117260","10","4","    ","217","    D2T00-150017","LCS 19 D2TD2 MAJ ASSY S3      ","08/20/2015","        ","80","100","80","55.43","55.43","","",""
"479","3","D2T ","D2TD2 ","150","117261","10","4","    ","218","    D2T00-150018","LCS 19 D2TD2 MAJ ASSY S4      ","08/20/2015","        ","90","100","90","70.54","70.54","","",""
"479","3","D2T ","D2TD2 ","150","117267","10","4","    ","238","    D2T00-150037","LCS 19 D2TD2 MAJ ASSY T1      ","08/20/2015","        ","12","100","12","11.05","11.05","","",""
"479","3","D2T ","D2TD2 ","150","117268","10","4","    ","239","    D2T00-150038","LCS 19 D2TD2 MAJ ASSY T2      ","08/20/2015","        ","15","100","15","13.72","13.72","","",""
"479","3","D2T ","D2TD2 ","150","117269","10","4","    ","240","    D2T00-150039","LCS 19 D2TD2 MAJ ASSY T3      ","08/20/2015","        ","26","100","26","7","7","","",""
"479","3","D2T ","D2TD2 ","150","117270","10","4","    ","241","    D2T00-150040","LCS 19 D2TD2 MAJ ASSY T4      ","08/20/2015","        ","19","100","19","33.95","33.95","","",""
"479","3","D2T ","D2TD2 ","150","117271","10","4","    ","242","    D2T00-150041","LCS 19 D2TD2 MAJ ASSY T5      ","08/20/2015","        ","20","100","20","23","23","","",""
"479","3","D2T ","D2TD1 ","150","117186","10","4","    ","191","    D2T00-150005","LCS 19 D2TD1 MAJ ASSY P4      ","09/07/2015","        ","110","100","110","59.25","59.25","","",""
"479","3","D2T ","D2TD1 ","150","117187","10","4","    ","192","    D2T00-150006","LCS 19 D2TD1 MAJ ASSY P5      ","09/07/2015","        ","115","100","115","121.26","121.26","","",""
"479","3","D2T ","D2TD1 ","150","117188","10","4","    ","193","    D2T00-150007","LCS 19 D2TD1 MAJ ASSY P6      ","09/07/2015","        ","100","100","100","123.41","123.41","","",""
"479","3","D2T ","D2TD1 ","150","117193","10","4","    ","198","    D2T00-150014","LCS 19 D2TD1 MAJ ASSY S1      ","09/07/2015","        ","330","100","330","379.1","379.1","","",""
"479","3","D2T ","D2TD1 ","150","117194","10","4","    ","199","    D2T00-150015","LCS 19 D2TD1 MAJ ASSY S2      ","09/07/2015","        ","300","100","300","291.02","291.02","","",""
"479","4","D2T ","D2TD1 ","150","117320","10","8","    ","288","    D2T00-150062","LCS 19 D2TD1 TOPSIDE WELD OUT ","05/25/2015","        ","20","100","20","44","44","","",""
"479","4","D2T ","D2TD1 ","150","117202","10","9","    ","208","    D2T00-150036","LCS 19 D2TD1 CONSTRT WELD BS_3","09/07/2015","        ","120","100","120","383.48","383.48","","",""
"479","4","D2T ","D2TD1 ","150","117197","10","8","    ","203","    D2T00-150057","LCS 19 D2TD1 CONSTRCT FIT BS_1","09/07/2015","        ","90","100","90","97.58","97.58","","",""
"479","4","D2T ","D2TD1 ","150","117198","10","9","    ","204","    D2T00-150058","LCS 19 D2TD1 CONSTRT WELD BS_1","09/07/2015","        ","100","100","100","107.52","107.52","","",""
"479","4","D2T ","D2TD1 ","150","117199","10","8","    ","205","    D2T00-150059","LCS 19 D2TD1 CONSTRCT FIT BS_2","09/07/2015","        ","280","100","280","759.77","759.77","","",""
"479","4","D2T ","D2TD1 ","150","117200","10","9","    ","206","    D2T00-150060","LCS 19 D2TD1 CONSTRT WELD BS_2","09/07/2015","        ","400","100","400","583.41","583.41","","",""
"479","4","D2T ","D2TD1 ","150","117201","10","8","    ","207","    D2T00-150061","LCS 19 D2TD1 CONSTRCT FIT BS_3","09/07/2015","        ","175","100","175","262.95","262.95","","",""
"479","4","D2T ","D2TD1 ","992","117255","10","19","    ","214","    D2T00-992011","LCS 19 D2TD1 LIFT/ROL STRUCTRE","        ","        ","129","100","129","29","29","","",""
"479","5","D2T ","D2TD1 ","0","117204","10","19","    ","214","    D2TD1-MODXFR","LCS 19 D2TD1 MOD XFR TO BARGE ","        ","        ","0","10","0","18.5","185","","",""
"479","5","D2T ","D2TD1 ","0","117394","10","800","    ","219","    D2TD1-R04200","LCS 19 D2TD1 B01/B03 ACE ERROR","        ","        ","10","100","10","0","0","","",""
"479","5","D2T ","D2TD2 ","0","117279","10","19","    ","237","    D2TD2-MODXFR","LCS 19 D2TD2 MOD XFR TO BARGE ","        ","        ","40","5","2","3","43","","",""
"479","5","D2T ","900","74","117203","10","20","    ","195","      D2TD1-0920","LCS 19 D2TD1 R20 ACCURACY CNTL","        ","        ","0","96","0","8","8.33","","",""
"479","5","D2T ","900","74","117278","10","20","    ","225","      D2TD2-0920","LCS 19 D2TD2 R20 ACCURACY CNTL","        ","        ","20","98","19.6","0","20","","",""
"479","5","D2T ","D2TD1 ","150","117450","10","800","    ","196","    D2TD1-R02200","LCS 19 D2TD1 P1-153 CRK REPAIR","        ","        ","0","100","0","0","0","","",""
"479","5","D2T ","D2TD1 ","150","117250","10","880","    ","190","    D2TD1-R02300","LCS 19 D2TD1 ECN-012 LABOR    ","        ","        ","0","100","0","3","3","","",""
"479","5","D2T ","D2TD1 ","150","117374","10","880","    ","187","    D2TD1-R02301","LCS 19 D2TD1 A02 DWGCAUZ ERROR","        ","        ","0","100","0","8.98","8.98","","",""
"479","5","D2T ","D2TD1 ","150","117342","10","890","    ","198","    D2TD1-R03100","LCS 19 D2TD1 S1 FRIC.STIR RWK ","        ","        ","0","100","0","11","11","","",""
"479","5","D2T ","D2TD1 ","150","117343","10","890","    ","199","    D2TD1-R03101","LCS 19 D2TD1 S2 LONGSTIF REPAR","        ","        ","0","100","0","9","9","","",""
"479","5","D2T ","D2TD1 ","150","117257","10","800","    ","195","    D2TD1-R03200","LCS 19 D2TD1 N02 ACE CAUZ RWK ","        ","        ","0","100","0","11.5","11.5","","",""
"479","5","D2T ","D2TD1 ","150","117251","10","880","    ","191","    D2TD1-R03300","LCS 19 D2TD1 ECN-013 LABOR    ","        ","        ","0","100","0","0","0","","",""
"479","5","D2T ","D2TD1 ","150","117427","10","800","    ","196","    D2TD1-R04201","LCS 19 D2TD1 DECKFRM INSTL ERR","        ","        ","0","100","0","58.51","58.51","","",""
"479","5","D2T ","D2TD2 ","150","117373","10","880","    ","197","    D2TD2-R02400","LCS 19 D2TD2 P2-201 OIL CLEAN ","        ","        ","0","100","0","3","3","","",""
"479","5","D2T ","D2TD2 ","167","117325","10","18","    ","232","    D2T00-167002","LCS 19 D2TD2 INST 167 CLOSURES","        ","        ","48","100","48","20","20","","",""
"479","5","D2T ","D2TD2 ","167","117324","10","18","    ","293","    L9900-X00022","LCS 19 D2TD2 ECN049 HATCH INST","        ","        ","24","100","24","10","10","","",""
"479","5","D2T ","D2TD1 ","167","117344","10","18","    ","209","    D2T00-167001","LCS 19 D2TD1 INST 167 CLOSURES","06/30/2015","        ","71","40","28.4","73.5","103.5","","",""
"479","5","D2T ","D2TD2 ","180","117254","10","880","    ","224","    D2TD2-R03300","LCS 19 D2TD2 D09PN DWG DIM ERR","        ","        ","0","100","0","13","13","","",""
"479","5","D2T ","D2TD1 ","512","117232","10","18","    ","213","    D2T00-512005","LCS 19 D2TD1 INSTL 512 LOUVERS","07/07/2015","        ","10","100","10","3","3","","",""
"479","5","D2T ","D2TD2 ","512","117234","10","18","    ","235","    D2T00-512006","LCS 19 D2TD2 INSTL 512 LOUVERS","09/07/2015","        ","29","100","29","18","18","","",""
"479","5","D2T ","900","992","117045","10","20","    ","          ","      D2TD1-0901","LCS 19 D2TD1 BOAT TEMP SERV   ","        ","        ","0","96","0","296.73","309.09","","",""
"479","5","D2T ","900","992","117046","10","20","    ","          ","      D2TD2-0901","LCS 19 D2TD2 BOAT TEMP SERV   ","        ","        ","0","98","0","113","115.3","","",""
"479","6","D2T ","D2TD1 ","0","117464","10","800","    ","200","    D2TD1-R06200","LCS 19 D2TD1 ACE INSTL ERROR  ","        ","        ","0","100","0","2.5","2.5","","",""
"479","6","D2T ","D2TD1 ","0","117622","10","880","    ","          ","    D2TD1-R90390","LCS 19 D2TD1 FCN ELECT LABOR  ","        ","        ","0","1","0","85.98","8598","","",""
"479","6","D2T ","D2TD2 ","0","117621","10","880","    ","          ","    D2TD2-R90390","LCS 19 D2TD2 FCN ELECT LABOR  ","        ","        ","0","1","0","0","0","","",""
"479","6","D2T ","D2TD1 ","0","0","10","880","    ","200","    D2TD1-R90300","LCS 19 D2TD1 XCES DWG REVW    ","05/25/2015","        ","0","0","0","0","0","","",""
"479","7","D2T ","D2TD1 ","192","117280","10","8","    ","215","    D2T00-192004","LCS 19 D2TD1 AIR WAND SEAMTEST","09/08/2015","        ","35","100","35","11.5","11.5","","",""
"479","7","D2T ","D2TD2 ","192","117455","10","8","    ","243","    D2T00-192005","LCS 19 D2TD2 AIR WAND SEAMTEST","11/25/2015","        ","26","50","13","5.5","31.5","","",""
"479","9","D2T ","D2TD2 ","180","117248","10","18","    ","233","    D2T00-180006","LCS 19 D2TD2 INSTL 180 D FNDS ","        ","        ","200","99","198","249","250","","",""
"479","9","D2T ","D2TD2 ","180","117459","10","800","    ","210","    D2TD2-R06200","LCS 19 D2TD2 D20 ACE INSTL ERR","        ","        ","0","100","0","6.5","6.5","","",""
"479","9","D2T ","D2TD2 ","180","117460","10","880","    ","210","    D2TD2-R06300","LCS 19 D2TD2 D19 DWGERR INSTL ","        ","        ","0","100","0","19.5","19.5","","",""
"479","9","D2T ","D2TD1 ","180","117207","10","18","    ","210","    D2T00-180004","LCS 19 D2TD1 INSTL 180 D FNDS ","06/30/2015","        ","361","99","357.39","430.79","431.79","","",""
"479","9","D2T ","D2TD1 ","180","117318","10","18","    ","290","    D2T00-180005","LCS 19 D2TD1 INST 180 FNDS TOP","07/07/2015","        ","0","99","0","121.98","123.98","","",""
"479","9","D2T ","D2TD2 ","180","117340","10","18","    ","291","    D2T00-180007","LCS 19 D2TD2 INSTL FND TOPSIDE","09/07/2015","        ","18.5","63","11.66","2","20","","",""
"479","9","D2T ","D2TD1 ","321","117243","10","18","    ","211","    D2T00-321011","LCS 19 D2TD1 INSTL 321 HOTWORK","        ","        ","650","99","643.5","1075.46","1076.46","","",""
"479","9","D2T ","D2TD2 ","321","117319","10","18","    ","231","    D2T00-321002","LCS 19 D2TD2 INSTL 321 HOTWORK","        ","        ","630","85","535.5","441.58","442.58","","",""
"479","9","D2T ","D2TD1 ","512","117231","10","18","    ","212","    D2T00-512003","LCS 19 D2TD1 HVAC HOTWK INSTL ","07/07/2015","        ","186","100","186","262.4","262.4","","",""
"479","9","D2T ","D2TD2 ","512","117233","10","18","    ","234","    D2T00-512004","LCS 19 D2TD2 HVAC HTWK INSTL  ","09/07/2015","        ","21","96","20.16","26.02","28.02","","",""
"479","9","D2T ","D2TD2 ","612","117625","10","18","    ","294","    D2T00-612002","LCS 19 D2TD2 HVYWTHR LFLNE ANK","        ","        ","4","0","0","0","4","","",""
"479","9","D2T ","D2TD1 ","612","117624","10","18","    ","300","    D2T00-612001","LCS 19 D2TD1 STNCHION FIT/WELD","07/07/2015","        ","50","0","0","0","45","","",""
"479","9","D2T ","D2TD2 ","622","117626","10","18","    ","236","    D2T00-622001","LCS 19 D2TD2 INSTL622 HANDRAIL","        ","        ","7","0","0","0","6","","",""
"479","9","D2T ","D2TD2 ","623","0","10","18","    ","236","    D2T00-623001","LCS 19 D2TD2 INSTL 623 LADDERS","        ","        ","3","0","0","0","3","","",""
"479","9","D2T ","D2TD1 ","623","0","10","18","    ","300","    D2T00-623002","LCS 19 D2TD1 INSTL 623 LADDERS","07/07/2015","        ","3","0","0","0","3","","",""
"479","10","D2T ","D2TD2 ","150","117263","10","4","    ","220","    D2T00-150032","LCS 19 D2TD2 MAJ ASSY P1      ","08/03/2015","        ","42","100","42","55.92","55.92","","",""
"479","10","D2T ","D2TD2 ","150","117264","10","4","    ","221","    D2T00-150033","LCS 19 D2TD2 MAJ ASSY P2      ","08/03/2015","        ","250","100","250","170.58","170.58","","",""
"479","10","D2T ","D2TD1 ","150","117185","10","4","    ","190","    D2T00-150004","LCS 19 D2TD1 MAJ ASSY P3      ","09/07/2015","        ","285","100","285","365.55","365.55","","",""
"479","10","D2T ","D2TD1 ","150","117191","10","4","    ","196","    D2T00-150012","LCS 19 D2TD1 MAJ ASSY P1      ","09/07/2015","        ","290","100","290","328.5","328.5","","",""
"479","10","D2T ","D2TD1 ","150","117192","10","4","    ","197","    D2T00-150013","LCS 19 D2TD1 MAJ ASSY P2      ","09/07/2015","        ","120","100","120","86.5","86.5","","",""
"479","10","D2T ","D2TD1 ","180","117206","10","2","    ","200","    D2T00-180001","LCS 19 D2TD1 SUB 180 D FNDS   ","06/01/2015","        ","345","100","345","252.57","252.57","","",""
"479","10","D2T ","D2TD1 ","180","117230","10","4","    ","285"," D2TD1-L99X00019","LCS 19 D2TD1 ECN-022 NEW D55  ","06/01/2015","        ","0","100","0","4","4","","",""
"479","10","D2T ","D2TD2 ","180","117249","10","2","    ","224","    D2T00-180002","LCS 19 D2TD2 SUB 180 D FNDS   ","08/03/2015","        ","160","100","160","226","226","","",""
"479","3","D3S ","D3SD1 ","180","117453","10","2","    ","265","    D3SD1-180001","LCS 19 D3SD1 SUB 180 D FNDS   ","        ","        ","230","100","230","214.35","214.35","","",""
"479","5","D3S ","D3SD1 ","150","117551","10","880","    ","265","    D3SD1-R02300","LCS 19 D3SD1 XCess PAPER GRIND","        ","        ","0","100","0","5","5","","",""
"479","10","D3S ","D3SS2 ","180","117423","10","2","    ","267","    D3SS2-180001","LCS 19 D3SS2 180 FND FAB WORK ","        ","        ","36.5","100","36.5","7.5","7.5","","",""
"479","10","D3S ","D3SS1 ","180","117345","10","2","    ","266","    D3SS1-180001","LCS 19 D3SS1 SUB 180 D FNDS   ","05/26/2015","        ","63","100","63","60.52","60.52","","",""
"479","1","D3T ","D3TD1 ","0","117457","10","16","    ","307","    D3TD1-500001","LCS 19 D3TD1 INSTL GRP500 PIPE","08/20/2015","        ","338","82","277.16","353.03","363.03","","",""
"479","2","D3T ","D3TD1 ","0","117472","10","880","    ","255","    D3TD1-R05300","LCS 19 D3TD1 DOOR 147 CUT-OUT ","        ","        ","0","100","0","4.5","4.5","","",""
"479","2","D3T ","D3TD1 ","150","117362","10","4","    ","263","    D3TD1-150020","LCS 19 D3TD1 MAJ ASSY T3      ","07/20/2015","        ","120","100","120","127.5","127.5","","",""
"479","2","D3T ","D3TD1 ","150","117363","10","8","    ","249","    D3TD1-150021","LCS 19 D3TD1 CONSTRCT FIT BS_1","08/11/2015","        ","76","100","76","0","0","","",""
"479","2","D3T ","D3TD1 ","150","117364","10","9","    ","250","    D3TD1-150022","LCS 19 D3TD1 CONSTRT WELD BS_1","08/11/2015","        ","10","100","10","10","10","","",""
"479","2","D3T ","D3TD1 ","150","117365","10","8","    ","251","    D3TD1-150023","LCS 19 D3TD1 CONSTRCT FIT BS_2","08/11/2015","        ","50","100","50","47.5","47.5","","",""
"479","2","D3T ","D3TD1 ","150","117366","10","9","    ","252","    D3TD1-150024","LCS 19 D3TD1 CONSTRT WELD BS_2","08/11/2015","        ","90","100","90","22.5","22.5","","",""
"479","2","D3T ","D3TD1 ","150","117367","10","8","    ","253","    D3TD1-150025","LCS 19 D3TD1 CONSTRCT FIT BS_3","08/11/2015","        ","20","100","20","90.5","90.5","","",""
"479","2","D3T ","D3TD1 ","150","117368","10","9","    ","254","    D3TD1-150026","LCS 19 D3TD1 CONSTRT WELD BS_3","08/11/2015","        ","50","100","50","123.5","123.5","","",""
"479","2","D3T ","D3TD1 ","992","117372","10","19","    ","260","    D3TD1-992001","LCS 19 D3TD1 INST ROL STRUCTRE","08/20/2015","        ","50","99","49.5","53","55","","",""
"479","5","D3T ","D3TD1 ","0","117370","10","19","    ","260","    D3TD1-MODXFR","LCS 19 D3TD1 MOD XFR TO BARGE ","        ","        ","0","0","0","0","50","","",""
"479","5","D3T ","900","74","117369","10","20","    ","249","      D3TD1-0920","LCS 19 D3TD1 R20 ACCURACY CNTL","        ","        ","0","93","0","0","10","","",""
"479","5","D3T ","D3TD1 ","150","117377","10","890","    ","261","    D3TD1-R01100","LCS 19 D3TD1 VENFORM CRACK FIX","        ","        ","0","100","0","27","27","","",""
"479","5","D3T ","D3TD1 ","150","117397","10","890","    ","246","    D3TD1-R02100","LCS 19 D3TD1 3-1 TAPERING     ","        ","        ","0","100","0","22","22","","",""
"479","5","D3T ","D3TD1 ","167","117447","10","18","    ","255","    D3TD1-167001","LCS 19 D3TD1 INST 167 CLOSURES","08/20/2015","        ","73","100","73","152.97","152.97","","",""
"479","5","D3T ","D3TD1 ","512","117449","10","18","    ","258","    D3TD1-512002","LCS 19 D3TD1 INSTL 512 LOUVERS","08/20/2015","        ","10","100","10","7.5","7.5","","",""
"479","5","D3T ","900","992","117049","10","20","    ","          ","      D3TD1-0901","LCS 19 D3TD1 BOAT TEMP SERV   ","        ","        ","0","93","0","135.55","145.75","","",""
"479","6","D3T ","D3TD1 ","0","117620","10","880","    ","          ","    D3TD1-R90390","LCS 19 D3TD1 FCN ELECT LABOR  ","        ","        ","0","1","0","43","4300","","",""
"479","6","D3T ","D3TD1 ","0","0","10","880","    ","248","    D3TD1-R90300","LCS 19 D3TD1 XCES DWG REVW    ","05/25/2015","        ","0","0","0","0","0","","",""
"479","7","D3T ","D3TD1 ","192","117371","10","8","    ","264","    D3TD1-192001","LCS 19 D3TD1 AIR WAND SEAMTEST","10/12/2015","        ","20","100","20","0","0","","",""
"479","9","D3T ","D3TD1 ","0","0","10","18","    ","257","    D3TD1-571001","LCS 19 D3TD1 PAD EYE STW COVER","08/20/2015","        ","18","0","0","0","0","","",""
"479","9","D3T ","D3TD1 ","180","117354","10","18","    ","256","    D3TD1-180002","LCS 19 D3TD1 INSTL 180 D FNDS ","08/20/2015","        ","73","99","72.27","96","100","","",""
"479","9","D3T ","D3TD1 ","180","117355","10","18","    ","308","    D3TD1-180003","LCS 19 D3TD1 INST 180 FND TPSD","08/20/2015","        ","100","99","99","53","54","","",""
"479","9","D3T ","D3TD1 ","321","117456","10","18","    ","309","    D3TD1-321005","LCS 19 D3TD1 INSTL 321 HOTWORK","        ","        ","315","53","166.95","364.02","368.02","","",""
"479","9","D3T ","D3TD1 ","512","117448","10","18","    ","257","    D3TD1-512001","LCS 19 D3TD1 HVAC HTWK INSTL  ","08/20/2015","        ","8","100","8","11","11","","",""
"479","9","D3T ","D3TD1 ","612","117505","10","18","    ","259","    D3TD1-612001","LCS 19 D3TD1 INSTL 612 HOTWORK","08/20/2015","        ","15","1","0.15","19.5","20.5","","",""
"479","10","D3T ","D3TD1 ","150","117356","10","4","    ","244","    D3TD1-150004","LCS 19 D3TD1 SUB ASSY A       ","07/20/2015","        ","153","100","153","70","70","","",""
"479","10","D3T ","D3TD1 ","150","117357","10","4","    ","245","    D3TD1-150011","LCS 19 D3TD1 SUB ASSY M       ","07/20/2015","        ","1000","100","1000","1191.49","1191.49","","",""
"479","10","D3T ","D3TD1 ","150","117358","10","4","    ","246","    D3TD1-150016","LCS 19 D3TD1 MAJ ASSY S1      ","07/20/2015","        ","350","100","350","173.58","173.58","","",""
"479","10","D3T ","D3TD1 ","150","117359","10","4","    ","247","    D3TD1-150017","LCS 19 D3TD1 MAJ ASSY S2      ","07/20/2015","        ","225","100","225","184.96","184.96","","",""
"479","10","D3T ","D3TD1 ","150","117360","10","4","    ","261","    D3TD1-150018","LCS 19 D3TD1 MAJ ASSY T1      ","07/20/2015","        ","200","100","200","130.5","130.5","","",""
"479","10","D3T ","D3TD1 ","150","117361","10","4","    ","262","    D3TD1-150019","LCS 19 D3TD1 MAJ ASSY T2      ","07/20/2015","        ","190","100","190","238.52","238.52","","",""
"479","10","D3T ","D3TD1 ","180","117353","10","2","    ","248","    D3TD1-180001","LCS 19 D3TD1 SUB 180 D FNDS   ","07/20/2015","        ","150","100","150","146.73","146.73","","",""
"479","10","D4S ","D4SS1 ","180","117226","10","2","    ","269","    D4S00-180002","LCS 19 D4SS1 FAB 180 D FNDS   ","05/04/2015","        ","17","100","17","40","40","","",""
"479","10","D4S ","D4SS2 ","180","117227","10","2","    ","270","    D4S00-180003","LCS 19 D4SS2 FAB 180 D FNDS   ","05/11/2015","        ","88","100","88","84.98","84.98","","",""
"479","10","D4S ","D4SD1 ","180","117225","10","2","    ","268","    D4S00-180001","LCS 19 D4SD1 SUB 180 D FNDS   ","05/18/2015","        ","80","100","80","73.53","73.53","","",""
"479","5","DIS ","900","992","117334","10","20","    ","200","     D1SFWD-0901","LCS 19 D1SFWD D1&2STK TEMPSERV","        ","        ","0","100","0","77.53","77.53","","",""
"","","","","","","","","","","","","","","","","","  45,707.74 ","","","",""
"Other","","","","","","","","","","","","","","","","","","","","",""
"479","5","900","900","150","117244","10","890","    ","8","     0479-R90600","LCS 19 CAUZ PAPER GRINDING    ","        ","        ","0","95","0","25.03","30.03","","",""
"479","6","900","479","505","117328","10","890","    ","46","     0479-R90100","LCS 19 TEAM PIPE CLEANING     ","        ","        ","0","15","0","15.27","55.27","","",""
"479","6","900","479","866","116603","10","1531","    ","          ","     0479-HRLYQA","LCS 19 HOURLY QA INSPECT LABOR","        ","        ","0","7","0","151.53","2164.71","","",""
"479","7","900","900","0","116957","10","4","    ","          ","       0900-0003","LCS 19 5S Program             ","        ","        ","0","56","0","0","0","","",""
"479","8","900","900","992","116956","10","77","    ","          ","       0900-0001","LCS 19 Material Handling      ","        ","        ","0","90","0","2455.26","2962.26","","",""
"","","","","","","","","","","","","","","","","","  2,647.09 ","","","",""
"Salary","","","","","","","","","","","","","","","","","","","","",""
"479","7","D2S ","D2SD2 ","150","900090","10","76","    ","          ","   R6200-QAP2EXT","QASAL D2SD2P2 EXTRUSION DEFCT ","        ","        ","0","100","0","14.5","14.5","","",""
"479","7","900","900","897","900053","10","1531","    ","          ","    R6200-000001","PROJ 479 SUP SALARY EXE LCS 19","        ","        ","0","74","0","4059.5","6459.5","","",""
"479","7","900","900","897","900055","10","76","    ","          ","    R6200-000002","PROJ 479 QA SALARY EXE LCS 19 ","        ","        ","0","64","0","1039.5","1499.5","","",""
"479","7","900","900","897","900057","10","76","    ","          ","    R6200-000004","PROJ 479 QA NER LCS 19        ","        ","        ","0","64","0","955.95","1565.95","","",""
"","","","","","","","","","","","","","","","","","  6,069.45 ","","","",""
